City_ID,City,Country,Date,Lat,Lng,Max Temp,Humidity,Cloudiness,Wind Speed
0,Qaanaaq,GL,2021-05-22 17:06:25,77.484,-69.3632,28.96,67,85,1.77
1,Port Alfred,ZA,2021-05-22 17:06:26,-33.5906,26.891,58.87,57,1,5.82
2,Mount Gambier,AU,2021-05-22 17:06:26,-37.8333,140.7667,49.96,57,77,7.45
3,Mataura,NZ,2021-05-22 17:06:26,-46.1927,168.8643,37.8,96,0,1.95
4,Port Keats,AU,2021-05-22 17:06:26,-14.25,129.55,73.02,67,77,2.13
5,Faanui,PF,2021-05-22 17:06:27,-16.4833,-151.75,80.8,73,41,14.09
6,Chuy,UY,2021-05-22 17:06:27,-33.6971,-53.4616,61.43,70,56,17.34
7,Hilo,US,2021-05-22 17:05:57,19.7297,-155.09,71.33,87,90,5.75
8,Barrow,US,2021-05-22 17:06:27,71.2906,-156.7887,32.02,86,90,12.66
9,Kazanskoye,RU,2021-05-22 17:06:27,55.6448,69.235,68.83,55,65,6.33
10,Mahebourg,MU,2021-05-22 17:06:28,-20.4081,57.7,70.25,71,46,16.96
11,Deputatskiy,RU,2021-05-22 17:06:28,69.3,139.9,24.24,98,100,4.54
12,Saskylakh,RU,2021-05-22 17:06:28,71.9167,114.0833,17.6,93,22,7.36
13,Puerto Ayora,EC,2021-05-22 17:06:28,-0.7393,-90.3518,82.36,82,88,8.99
14,Ketchikan,US,2021-05-22 17:06:26,55.3422,-131.6461,50.47,93,90,9.22
15,Kodinsk,RU,2021-05-22 17:06:28,58.6881,99.1844,39.43,59,91,3.13
16,Urumqi,CN,2021-05-22 17:06:29,43.801,87.6005,58.15,40,0,2.28
17,Lagoa,PT,2021-05-22 17:03:07,39.05,-27.9833,59.31,61,4,11.12
18,Luau,AO,2021-05-22 17:05:23,-10.7073,22.2247,68.2,43,4,3.62
19,Vaini,TO,2021-05-22 17:06:29,-21.2,-175.2,75.36,94,75,8.05
20,Punta Arenas,CL,2021-05-22 17:06:29,-53.15,-70.9167,44.71,81,90,3.89
21,Vestmanna,FO,2021-05-22 17:06:30,62.1564,-7.1664,43.72,72,90,6.85
22,Lompoc,US,2021-05-22 17:05:53,34.6391,-120.4579,65.57,70,90,14.97
23,Thompson,CA,2021-05-22 17:06:30,55.7435,-97.8558,47.75,45,95,4.54
24,Lebu,CL,2021-05-22 17:06:30,-37.6167,-73.65,55.15,73,20,6.55
25,Sinazongwe,ZM,2021-05-22 17:06:30,-17.2614,27.4618,73.31,46,0,4.83
26,Ushuaia,AR,2021-05-22 17:06:30,-54.8,-68.3,38.82,74,89,2.89
27,Kahului,US,2021-05-22 17:06:31,20.8947,-156.47,75.22,74,40,12.66
28,San Patricio,US,2021-05-22 17:06:31,28.017,-97.5169,85.01,58,100,13.51
29,Tynda,RU,2021-05-22 17:06:31,55.1667,124.7167,39.52,62,100,10.92
30,Cape Town,ZA,2021-05-22 17:03:36,-33.9258,18.4232,55.11,56,9,5.82
31,Busselton,AU,2021-05-22 17:06:31,-33.65,115.3333,51.08,75,40,8.63
32,Jhang,PK,2021-05-22 17:06:32,33.6748,72.6963,80.37,35,72,8.81
33,Nantucket,US,2021-05-22 17:03:19,41.2835,-70.0995,69.96,82,1,19.57
34,Sorong,ID,2021-05-22 17:06:32,-0.8833,131.25,77.09,89,100,5.37
35,Havoysund,NO,2021-05-22 17:06:32,70.9963,24.6622,34.68,55,100,21.12
36,Korla,CN,2021-05-22 17:06:32,41.7597,86.1469,67.48,23,0,4.63
37,Cabo San Lucas,MX,2021-05-22 17:06:33,22.8909,-109.9124,92.52,44,1,6.91
38,Bluff,NZ,2021-05-22 17:06:33,-46.6,168.3333,46.6,86,5,9.4
39,Hofn,IS,2021-05-22 17:06:33,64.2539,-15.2082,42.37,74,99,13.58
40,Georgetown,MY,2021-05-22 17:06:33,5.4112,100.3354,82.89,78,20,4.9
41,Laguna,US,2021-05-22 17:06:33,38.421,-121.4238,70.09,53,1,1.99
42,Rikitea,PF,2021-05-22 17:06:34,-23.1203,-134.9692,76.53,66,17,12.35
43,Hellin,ES,2021-05-22 17:06:34,38.5106,-1.701,78.58,42,56,16.58
44,Hearst,CA,2021-05-22 17:06:34,49.6835,-83.6665,62.64,82,100,4.47
45,Nikolskoye,RU,2021-05-22 17:06:34,59.7035,30.7861,59.81,74,43,6.31
46,Oranjemund,NA,2021-05-22 17:06:35,-28.55,16.4333,66.4,44,12,9.78
47,Nisia Floresta,BR,2021-05-22 17:06:35,-6.0911,-35.2086,86.81,54,10,13.44
48,Sola,VU,2021-05-22 17:06:35,-13.8833,167.55,79.3,70,96,16.06
49,Salur,IN,2021-05-22 17:06:35,18.5333,83.2167,82.04,65,98,4.61
50,Waddan,LY,2021-05-22 17:06:36,29.1614,16.139,93.2,16,0,15.1
51,Victoria,HK,2021-05-22 17:05:19,22.2855,114.1577,87.33,83,80,11.01
52,Jamestown,US,2021-05-22 17:05:56,42.097,-79.2353,81.72,55,1,1.01
53,Kapaa,US,2021-05-22 17:06:36,22.0752,-159.319,75.52,71,75,3.0
54,Evensk,RU,2021-05-22 17:06:36,61.95,159.2333,33.13,79,17,6.08
55,Porto Walter,BR,2021-05-22 17:06:37,-8.2686,-72.7439,92.17,45,26,3.38
56,Doha,QA,2021-05-22 17:03:53,25.2867,51.5333,98.91,36,0,5.75
57,Plouzane,FR,2021-05-22 17:06:37,48.3833,-4.6167,57.29,73,75,15.05
58,Aksarka,RU,2021-05-22 17:06:37,66.5606,67.7975,65.44,56,84,18.59
59,Cherskiy,RU,2021-05-22 17:06:37,68.75,161.3,28.08,88,65,5.12
60,Bredasdorp,ZA,2021-05-22 17:06:37,-34.5322,20.0403,48.27,72,89,5.79
61,Nueva Loja,EC,2021-05-22 17:06:38,0.0847,-76.8828,85.48,89,75,6.91
62,New Norfolk,AU,2021-05-22 17:06:38,-42.7826,147.0587,52.72,66,100,1.01
63,Basco,PH,2021-05-22 17:06:38,20.4487,121.9702,83.39,82,69,8.48
64,Ayagoz,KZ,2021-05-22 17:06:38,47.9714,80.4392,57.09,60,75,9.04
65,Tsiroanomandidy,MG,2021-05-22 17:06:20,-18.7667,46.0333,60.91,62,0,1.83
66,Taoudenni,ML,2021-05-22 17:02:36,22.6783,-3.9836,105.08,14,13,12.88
67,Paracuru,BR,2021-05-22 17:04:17,-3.41,-39.0306,86.02,63,77,12.26
68,Nanortalik,GL,2021-05-22 17:06:39,60.1432,-45.2371,37.53,77,64,5.59
69,Tombouctou,ML,2021-05-22 17:06:39,20.0,-3.0,108.09,11,0,13.78
70,Laukaa,RU,2021-05-22 17:06:39,58.7372,29.8453,54.73,86,37,3.56
71,Avarua,CK,2021-05-22 17:06:40,-21.2078,-159.775,75.25,73,20,8.05
72,Wanlaweyn,SO,2021-05-22 17:06:40,2.6185,44.8938,77.88,73,79,16.87
73,Upernavik,GL,2021-05-22 17:06:40,72.7868,-56.1549,29.19,85,100,6.93
74,Port Elizabeth,ZA,2021-05-22 17:06:40,-33.918,25.5701,54.1,62,0,5.75
75,Son La,VN,2021-05-22 17:06:41,21.3167,103.9,77.04,70,26,1.97
76,Mecca,SA,2021-05-22 17:02:19,21.4267,39.8261,91.31,32,6,8.32
77,La Asuncion,VE,2021-05-22 17:05:05,11.0333,-63.8628,82.81,70,50,18.41
78,Nola,IT,2021-05-22 17:06:41,40.922,14.5329,74.35,34,58,3.62
79,Saint-Philippe,RE,2021-05-22 17:06:41,-21.3585,55.7679,74.79,66,91,12.19
80,Esperance,AU,2021-05-22 17:06:41,-33.8667,121.9,61.83,82,100,13.18
81,Pangnirtung,CA,2021-05-22 17:06:42,66.1451,-65.7125,18.7,84,100,7.74
82,Lujan,AR,2021-05-22 17:06:42,-34.5703,-59.105,58.03,93,100,18.37
83,Severobaykalsk,RU,2021-05-22 17:06:42,55.65,109.3167,33.53,74,99,4.0
84,Hobart,AU,2021-05-22 17:06:42,-42.8794,147.3294,53.06,84,100,2.68
85,Bathsheba,BB,2021-05-22 17:06:43,13.2167,-59.5167,88.41,69,75,19.53
86,Prince Rupert,CA,2021-05-22 17:06:43,54.3161,-130.3201,48.29,100,90,2.3
87,Zheleznodorozhnyy,RU,2021-05-22 17:06:43,55.7503,38.0042,66.61,60,44,8.3
88,Pevek,RU,2021-05-22 17:06:43,69.7008,170.3133,29.5,92,100,5.7
89,Alofi,NU,2021-05-22 17:06:44,-19.0595,-169.9187,79.54,83,96,13.98
90,Bilma,NE,2021-05-22 17:06:44,18.6853,12.9164,101.21,6,7,7.2
91,Sirnak,TR,2021-05-22 17:06:44,37.5228,42.4594,75.27,38,79,1.7
92,Waipawa,NZ,2021-05-22 17:06:44,-41.4122,175.5153,49.03,76,100,6.93
93,Sao Jose Da Coroa Grande,BR,2021-05-22 17:06:45,-8.8978,-35.1478,81.9,61,85,8.72
94,Rosetta,EG,2021-05-22 17:06:45,31.4044,30.4164,68.92,66,0,18.9
95,Kayes,ML,2021-05-22 17:06:45,14.0,-11.0,104.77,10,21,8.86
96,Souillac,MU,2021-05-22 17:06:45,-20.5167,57.5167,70.36,73,55,16.71
97,Porto Novo,BJ,2021-05-22 17:06:45,6.4965,2.6036,84.16,73,96,12.82
98,Butaritari,KI,2021-05-22 17:06:46,3.0707,172.7902,83.01,80,86,17.9
99,Nokaneng,BW,2021-05-22 17:06:46,-19.6667,22.2667,67.35,28,0,8.32
100,Nushki,PK,2021-05-22 17:06:46,29.5542,66.0215,81.63,9,0,4.9
101,Kanigoro,ID,2021-05-22 17:06:46,-8.13,112.219,73.08,94,80,1.3
102,Horasan,TR,2021-05-22 17:06:47,40.0458,42.1728,57.13,76,96,5.19
103,Longyearbyen,SJ,2021-05-22 17:06:47,78.2186,15.6401,26.44,50,75,6.91
104,Namatanai,PG,2021-05-22 17:06:47,-3.6667,152.4333,79.3,85,100,4.88
105,Santa Barbara,US,2021-05-22 17:06:47,34.7333,-120.0343,60.82,27,1,6.6
106,Clyde River,CA,2021-05-22 17:03:15,70.4692,-68.5914,21.11,72,46,2.46
107,Kavieng,PG,2021-05-22 17:06:48,-2.5744,150.7967,82.69,75,100,1.97
108,Nordby,DK,2021-05-22 17:06:48,55.446,8.3979,50.74,92,75,10.0
109,Ponta Do Sol,PT,2021-05-22 17:06:48,32.6667,-17.1,65.03,80,97,12.1
110,Noumea,NC,2021-05-22 17:06:48,-22.2763,166.4572,72.0,99,62,4.97
111,East London,ZA,2021-05-22 17:06:49,-33.0153,27.9116,61.9,51,1,3.56
112,Acajutla,SV,2021-05-22 17:06:49,13.5928,-89.8275,90.81,62,92,7.29
113,Tasiilaq,GL,2021-05-22 17:06:49,65.6145,-37.6368,32.16,74,100,5.97
114,Castro,BR,2021-05-22 17:06:49,-24.7911,-50.0119,71.44,70,30,10.33
115,Albany,US,2021-05-22 17:03:35,42.6001,-73.9662,84.72,43,100,7.0
116,Shemgang,BT,2021-05-22 17:06:50,27.2169,90.6579,59.45,94,83,2.44
117,Kyshtovka,RU,2021-05-22 17:06:50,56.555,76.6271,64.38,63,3,7.87
118,Corrente,BR,2021-05-22 17:06:50,-3.7367,-43.3394,91.17,43,55,4.05
119,Komsomolskiy,UZ,2021-05-22 17:06:50,40.4272,71.7189,74.62,26,91,2.24
120,Constitucion,CL,2021-05-22 17:06:51,-35.3333,-72.4167,58.6,57,0,11.97
121,Matagalpa,NI,2021-05-22 17:06:51,12.9256,-85.9175,87.12,37,45,9.98
122,Hermanus,ZA,2021-05-22 17:06:51,-34.4187,19.2345,54.9,60,88,4.88
123,Hithadhoo,MV,2021-05-22 17:06:51,-0.6,73.0833,84.54,70,52,9.91
124,Hamilton,US,2021-05-22 17:05:15,39.1834,-84.5333,85.05,53,1,1.99
125,Norman Wells,CA,2021-05-22 17:06:52,65.282,-126.8329,53.64,66,75,0.0
126,Rundu,NA,2021-05-22 17:06:52,-17.9333,19.7667,67.39,30,15,5.91
127,Arlit,NE,2021-05-22 17:06:52,18.7369,7.3853,107.17,4,0,14.88
128,Khatanga,RU,2021-05-22 17:06:52,71.9667,102.5,22.3,99,90,1.1
129,Berlevag,NO,2021-05-22 17:06:53,70.8578,29.0864,34.43,62,100,23.4
130,Makakilo City,US,2021-05-22 17:01:53,21.3469,-158.0858,72.68,69,37,14.81
131,Smoky Lake,CA,2021-05-22 17:06:53,54.1169,-112.4686,55.49,46,4,10.49
132,Camana,PE,2021-05-22 17:06:53,-16.6228,-72.7111,68.25,73,52,10.89
133,Husavik,IS,2021-05-22 17:06:53,66.0449,-17.3389,37.45,96,100,5.46
134,Ginda,IN,2021-05-22 17:06:53,30.6945,78.4932,60.08,65,61,5.37
135,Hay River,CA,2021-05-22 17:06:54,60.8156,-115.7999,55.62,40,100,13.27
136,Tarauaca,BR,2021-05-22 17:06:54,-8.1614,-70.7656,93.31,45,22,1.95
137,Ranong,TH,2021-05-22 17:06:54,9.9658,98.6348,78.89,89,100,7.45
138,Gwanda,ZW,2021-05-22 17:06:54,-20.9333,29.0,60.96,66,31,8.21
139,Winter Springs,US,2021-05-22 17:06:55,28.6989,-81.3081,88.29,50,75,1.99
140,Shingu,JP,2021-05-22 17:06:55,33.7333,135.9833,60.91,88,4,6.4
141,Ribeira Grande,PT,2021-05-22 17:06:55,38.5167,-28.7,64.8,48,20,12.66
142,Staraya Poltavka,RU,2021-05-22 17:06:55,50.4772,46.4814,74.91,57,99,13.87
143,Chokurdakh,RU,2021-05-22 17:06:56,70.6333,147.9167,11.95,97,69,4.14
144,Yugorsk,RU,2021-05-22 17:06:56,61.3133,63.3319,61.48,80,100,10.65
145,Zhezkazgan,KZ,2021-05-22 17:06:56,47.8043,67.7144,70.02,35,0,10.31
146,Yellowknife,CA,2021-05-22 17:06:57,62.456,-114.3525,50.32,49,100,5.01
147,Amberley,US,2021-05-22 17:06:57,39.2048,-84.428,84.34,50,1,3.0
148,Vostok,RU,2021-05-22 17:06:57,46.4856,135.8833,50.9,71,17,3.6
149,Corpus Christi,US,2021-05-22 17:02:02,27.8006,-97.3964,84.76,75,100,8.01
150,Tuktoyaktuk,CA,2021-05-22 17:06:57,69.4541,-133.0374,33.1,83,17,13.89
151,Stephenville,US,2021-05-22 17:06:57,32.2207,-98.2023,74.01,90,90,11.5
152,Berea,US,2021-05-22 17:06:07,41.3662,-81.8543,81.79,44,90,9.22
153,Araouane,ML,2021-05-22 17:06:58,18.9048,-3.5265,107.71,10,1,14.09
154,Padang,ID,2021-05-22 17:06:58,-0.9492,100.3543,78.06,87,86,3.51
155,Ballarat,AU,2021-05-22 17:05:19,-37.5662,143.8496,43.02,59,25,3.47
156,Ancud,CL,2021-05-22 17:06:58,-41.8697,-73.8203,56.43,79,92,5.59
157,Jamsa,FI,2021-05-22 17:06:58,61.8642,25.19,54.32,85,87,5.53
158,Mogadishu,SO,2021-05-22 17:06:59,2.0371,45.3438,78.82,82,12,16.96
159,Saldanha,ZA,2021-05-22 17:06:59,-33.0117,17.9442,58.26,61,1,10.49
160,Garden City,US,2021-05-22 17:05:56,42.3256,-83.331,84.11,85,75,4.52
161,Los Llanos De Aridane,ES,2021-05-22 17:06:59,28.6585,-17.9182,71.13,79,20,22.24
162,Heishan,CN,2021-05-22 17:06:59,41.6892,122.1128,67.84,62,52,16.75
163,Funtua,NG,2021-05-22 17:07:00,11.5233,7.3081,98.42,14,14,5.39
164,Bandarbeyla,SO,2021-05-22 17:07:00,9.4942,50.8122,80.87,80,99,27.4
165,Vestmannaeyjar,IS,2021-05-22 17:07:00,63.4427,-20.2734,43.79,70,75,18.41
166,Saint George,US,2021-05-22 17:07:00,37.1041,-113.5841,68.47,18,1,1.99
167,Tyrma,RU,2021-05-22 17:07:01,50.0833,132.1667,57.76,93,80,3.71
168,Dingle,PH,2021-05-22 17:07:01,10.9995,122.6711,77.58,87,60,3.53
169,Sisimiut,GL,2021-05-22 17:07:01,66.9395,-53.6735,29.3,61,98,20.36
170,Port Macquarie,AU,2021-05-22 17:07:01,-31.4333,152.9167,53.38,90,19,7.16
171,Nhulunbuy,AU,2021-05-22 17:07:02,-12.2333,136.7667,75.81,83,98,5.75
172,Impfondo,CG,2021-05-22 17:07:02,1.6381,18.0667,76.35,87,92,1.95
173,Verkhoyansk,RU,2021-05-22 17:07:02,67.5447,133.385,30.58,75,39,5.73
174,Torbay,CA,2021-05-22 17:07:02,47.6666,-52.7314,67.87,56,87,19.08
175,Yankton,US,2021-05-22 17:03:17,42.8711,-97.3973,77.25,65,90,10.36
176,Ibotirama,BR,2021-05-22 17:06:13,-12.1853,-43.2206,97.03,22,68,3.69
177,Richards Bay,ZA,2021-05-22 17:07:03,-28.783,32.0377,62.46,84,79,1.07
178,Rafsanjan,IR,2021-05-22 17:07:03,30.4067,55.9939,83.21,8,24,5.12
179,Iqaluit,CA,2021-05-22 17:07:03,63.7506,-68.5145,22.69,67,100,21.0
180,Luchegorsk,RU,2021-05-22 17:07:03,46.4764,134.2569,59.05,64,42,0.85
181,Yulara,AU,2021-05-22 17:07:04,-25.2406,130.9889,58.84,41,89,6.91
182,Saint-Jean-Port-Joli,CA,2021-05-22 17:07:04,47.2171,-70.2658,64.18,91,96,12.93
183,Isoka,ZM,2021-05-22 17:07:04,-10.1606,32.6335,59.72,71,80,0.98
184,San-Pedro,CI,2021-05-22 17:07:04,4.7485,-6.6363,84.11,68,39,7.87
185,Jumla,NP,2021-05-22 17:07:05,29.2747,82.1838,54.36,82,21,3.96
186,Shunyi,CN,2021-05-22 17:07:05,40.125,116.6453,71.08,88,90,11.18
187,Hambantota,LK,2021-05-22 17:07:05,6.1241,81.1185,81.91,81,94,15.66
188,Kruisfontein,ZA,2021-05-22 17:07:05,-34.0033,24.7314,51.89,64,1,6.38
189,Chapais,CA,2021-05-22 17:07:06,49.7834,-74.8492,56.98,91,100,9.35
190,Quballat,TN,2021-05-22 17:07:06,36.5418,9.6633,79.02,28,9,16.17
191,Atuona,PF,2021-05-22 17:07:06,-9.8,-139.0333,79.75,68,86,14.7
192,Haines Junction,CA,2021-05-22 17:07:06,60.7522,-137.5108,41.68,67,94,5.41
193,Marilandia,BR,2021-05-22 17:07:07,-19.4128,-40.5417,89.47,37,85,5.26
194,Gamba,GA,2021-05-22 17:07:07,-2.65,10.0,78.37,82,96,6.98
195,Arraial Do Cabo,BR,2021-05-22 17:07:07,-22.9661,-42.0278,82.26,69,0,4.61
196,Broome,US,2021-05-22 17:07:07,42.2506,-75.833,82.56,54,1,5.99
197,Ostrovnoy,RU,2021-05-22 17:07:07,68.0531,39.5131,35.06,97,100,11.77
198,Sohagpur,IN,2021-05-22 17:07:08,22.7,78.2,89.58,30,46,4.5
199,Sioux Lookout,CA,2021-05-22 17:07:08,50.1001,-91.917,53.06,95,100,6.33
200,Guiratinga,BR,2021-05-22 17:07:08,-16.3494,-53.7583,86.43,46,98,5.93
201,Cayenne,GF,2021-05-22 17:07:08,4.9333,-52.3333,87.84,81,20,8.99
202,San Vicente,AR,2021-05-22 17:07:09,-26.6167,-54.1333,63.82,65,73,5.73
203,College,US,2021-05-22 17:07:09,64.8569,-147.8028,47.59,87,90,5.75
204,Altay,CN,2021-05-22 17:07:09,47.8667,88.1167,47.84,46,21,4.81
205,Nanyang,CN,2021-05-22 17:05:58,32.9947,112.5328,69.82,80,100,8.19
206,Ternate,ID,2021-05-22 17:07:09,0.8,127.4,80.1,81,100,4.38
207,Tual,ID,2021-05-22 17:07:10,-5.6667,132.75,80.65,82,100,11.45
208,Madras,IN,2021-05-22 17:03:12,13.0878,80.2785,84.96,85,75,1.01
209,Cidreira,BR,2021-05-22 17:07:10,-30.1811,-50.2056,70.32,75,64,12.86
210,Tabou,CI,2021-05-22 17:07:10,4.423,-7.3528,83.14,72,61,7.72
211,Sobolevo,RU,2021-05-22 17:07:10,54.4299,31.8996,58.68,78,42,12.15
212,Sines,PT,2021-05-22 17:07:10,37.9562,-8.8698,63.28,63,100,10.0
213,Tuatapere,NZ,2021-05-22 17:07:11,-46.1333,167.6833,41.83,91,3,4.32
214,Mar Del Plata,AR,2021-05-22 17:04:15,-38.0023,-57.5575,59.09,61,90,11.99
215,Kaitangata,NZ,2021-05-22 17:07:11,-46.2817,169.8464,45.93,85,0,4.14
216,Kenai,US,2021-05-22 17:07:11,60.5544,-151.2583,47.03,81,90,13.8
217,Anchorage,US,2021-05-22 17:07:11,61.2181,-149.9003,49.21,73,40,3.0
218,Olinda,BR,2021-05-22 17:07:12,-8.0089,-34.8553,82.13,62,40,10.74
219,Aasiaat,GL,2021-05-22 17:03:10,68.7098,-52.8699,28.47,70,100,4.63
220,Shchebetovka,UA,2021-05-22 17:07:12,44.9333,35.15,62.67,77,96,5.59
221,Ahuimanu,US,2021-05-22 17:07:12,21.4447,-157.8378,74.91,73,90,10.36
222,Sao Joao Da Barra,BR,2021-05-22 17:03:45,-21.6403,-41.0511,79.68,60,100,6.64
223,Ahipara,NZ,2021-05-22 17:07:12,-35.1667,173.1667,57.97,75,100,15.01
224,Xining,CN,2021-05-22 17:07:13,36.6167,101.7667,39.58,92,100,3.67
225,Batemans Bay,AU,2021-05-22 17:07:13,-35.7167,150.1833,47.91,88,3,4.34
226,Bambous Virieux,MU,2021-05-22 17:07:13,-20.3428,57.7575,70.21,70,39,17.16
227,Aklavik,CA,2021-05-22 17:07:13,68.2191,-135.0107,46.69,70,100,8.46
228,Cua,VE,2021-05-22 17:07:13,10.1589,-66.8858,91.6,40,92,3.98
229,Asilah,MA,2021-05-22 17:07:14,35.465,-6.0348,69.76,51,95,14.14
230,Mareeba,AU,2021-05-22 17:07:14,-17.0,145.4333,65.12,98,97,2.57
231,Santa Isabel Do Rio Negro,BR,2021-05-22 17:07:14,-0.4139,-65.0192,88.0,64,64,7.16
232,Yar-Sale,RU,2021-05-22 17:07:14,66.8333,70.8333,62.58,55,64,12.88
233,Mehamn,NO,2021-05-22 17:07:15,71.0357,27.8492,34.5,57,100,22.28
234,Longyan,CN,2021-05-22 17:07:15,25.1072,117.0225,76.01,92,100,2.95
235,Saquarema,BR,2021-05-22 17:07:15,-22.92,-42.5103,84.22,58,54,1.25
236,Meulaboh,ID,2021-05-22 17:07:15,4.1363,96.1285,78.66,85,100,3.51
237,Sur,OM,2021-05-22 17:07:15,22.5667,59.5289,90.72,45,2,7.67
238,Mount Isa,AU,2021-05-22 17:07:16,-20.7333,139.5,65.97,48,0,5.75
239,Sechura,PE,2021-05-22 17:07:16,-5.5569,-80.8222,76.6,58,7,11.86
240,Hasaki,JP,2021-05-22 17:07:16,35.7333,140.8333,61.2,88,100,13.35
241,Canon City,US,2021-05-22 17:07:16,38.441,-105.2424,76.41,40,75,10.0
242,Skowhegan,US,2021-05-22 17:03:36,44.7651,-69.7192,80.38,62,100,6.24
243,Turukhansk,RU,2021-05-22 17:07:17,65.8167,87.9833,38.25,99,100,9.98
244,Kapit,MY,2021-05-22 17:07:17,2.0167,112.9333,74.26,100,94,1.1
245,Fairbanks,US,2021-05-22 17:05:45,64.8378,-147.7164,49.23,91,90,14.97
246,Cockburn Town,TC,2021-05-22 17:07:17,21.4612,-71.1419,76.37,77,79,19.77
247,Bama,NG,2021-05-22 17:07:17,11.5221,13.6856,97.66,27,37,6.71
248,Vao,NC,2021-05-22 17:07:18,-22.6667,167.4833,71.04,66,21,11.1
249,Beaverlodge,CA,2021-05-22 17:07:18,55.2166,-119.4361,58.68,38,38,6.49
250,Yuci,CN,2021-05-22 17:07:18,37.6803,112.7319,56.95,61,40,9.08
251,Fortuna,US,2021-05-22 17:05:28,40.5982,-124.1573,58.93,65,20,3.0
252,Dikson,RU,2021-05-22 17:07:18,73.5069,80.5464,32.83,98,100,12.1
253,Okhotsk,RU,2021-05-22 17:07:19,59.3833,143.3,33.78,99,100,4.63
254,Baykit,RU,2021-05-22 17:07:19,61.67,96.37,41.67,75,100,1.12
255,Harper,LR,2021-05-22 17:07:19,4.375,-7.7169,83.41,71,44,6.6
256,Sawang Daen Din,TH,2021-05-22 17:07:19,17.4753,103.4575,92.07,55,54,11.77
257,Totness,SR,2021-05-22 17:07:20,5.8833,-56.3167,81.66,82,49,11.48
258,Panaba,MX,2021-05-22 17:07:20,21.2833,-88.2667,74.59,93,100,9.73
259,Bonavista,CA,2021-05-22 17:07:20,48.6499,-53.1147,53.31,63,100,23.98
260,Bethel,US,2021-05-22 17:07:20,41.3712,-73.414,88.18,44,1,5.75
261,Saint-Pierre,RE,2021-05-22 17:05:01,-21.3393,55.4781,74.88,70,90,21.85
262,Bongandanga,CD,2021-05-22 17:07:21,1.5,21.05,75.92,80,100,1.63
263,Coquimbo,CL,2021-05-22 17:07:21,-29.9533,-71.3436,67.73,50,0,7.87
264,Dunedin,NZ,2021-05-22 17:07:21,-45.8742,170.5036,44.8,86,0,4.0
265,Buraydah,SA,2021-05-22 17:07:21,26.326,43.975,97.52,10,85,9.51
266,Gander,CA,2021-05-22 17:07:22,48.9682,-54.5906,55.17,58,100,23.0
267,Carnarvon,AU,2021-05-22 17:07:22,-24.8667,113.6333,73.47,64,57,11.5
268,Beringovskiy,RU,2021-05-22 17:07:22,63.05,179.3167,32.0,87,100,2.3
269,Felipe Carrillo Puerto,MX,2021-05-22 17:07:22,19.5833,-88.05,84.11,63,99,6.33
270,Nuevo Casas Grandes,MX,2021-05-22 17:05:35,30.4167,-107.9167,79.75,25,1,5.99
271,Ekibastuz,KZ,2021-05-22 17:07:23,51.6667,75.3667,70.66,44,1,3.31
272,Cortez,US,2021-05-22 17:07:23,37.3489,-108.5859,72.52,24,1,19.57
273,Liliongan,PH,2021-05-22 17:07:23,7.3628,124.7928,72.95,92,84,3.91
274,Kodiak,US,2021-05-22 17:07:23,57.79,-152.4072,45.91,81,1,3.44
275,Alekseyevka,RU,2021-05-22 17:07:24,50.6309,38.6903,59.29,78,100,6.67
276,San Rafael,AR,2021-05-22 17:07:24,-34.6177,-68.3301,57.31,27,0,2.33
277,Dortyol,TR,2021-05-22 17:07:24,36.8616,36.2289,71.26,77,23,3.2
278,Shumskiy,RU,2021-05-22 17:07:24,54.8318,99.1328,35.33,92,72,4.07
279,Luderitz,NA,2021-05-22 17:07:25,-26.6481,15.1594,67.89,43,27,6.04
280,Udachnyy,RU,2021-05-22 17:07:25,66.4167,112.4,30.4,84,27,5.53
281,Gergebil,RU,2021-05-22 17:07:25,42.5047,47.0661,59.52,53,40,6.33
282,Touros,BR,2021-05-22 17:07:09,-5.1989,-35.4608,86.9,60,10,16.33
283,Korsakov,RU,2021-05-22 17:07:25,46.6328,142.7813,44.35,94,100,1.32
284,Racalmuto,IT,2021-05-22 17:07:26,37.4071,13.7338,68.81,48,44,7.07
285,Comodoro Rivadavia,AR,2021-05-22 17:07:26,-45.8667,-67.5,54.46,58,16,11.05
286,Shelburne,CA,2021-05-22 17:07:26,44.0787,-80.2041,73.27,82,99,14.14
287,Ambilobe,MG,2021-05-22 17:07:26,-13.2,49.05,72.39,79,91,2.73
288,Guerrero Negro,MX,2021-05-22 17:07:26,27.9769,-114.0611,64.96,53,0,21.09
289,Kumysh,RU,2021-05-22 17:07:27,43.8833,41.8932,59.29,98,100,4.63
290,Alekseyevsk,RU,2021-05-22 17:07:27,57.8406,108.3492,37.45,65,89,3.71
291,Codrington,AU,2021-05-22 17:07:27,-38.2667,141.9667,50.16,58,100,8.23
292,La Ronge,CA,2021-05-22 17:07:27,55.1001,-105.2842,44.31,45,18,5.23
293,Half Moon Bay,US,2021-05-22 17:07:28,37.4636,-122.4286,68.61,80,20,1.01
294,Tukums,LV,2021-05-22 17:07:28,56.9669,23.1553,61.95,66,97,2.04
295,Ocos,GT,2021-05-22 17:07:28,14.5094,-92.1933,91.72,74,0,5.06
296,Santa Rosa,PH,2021-05-22 17:02:37,14.3122,121.1114,84.11,82,66,0.89
297,Conde,BR,2021-05-22 17:07:28,-7.2597,-34.9075,83.66,62,20,13.35
298,Port Hedland,AU,2021-05-22 17:07:29,-20.3167,118.5667,66.25,59,0,6.91
299,Vanimo,PG,2021-05-22 17:07:29,-2.6741,141.3028,79.05,85,100,4.61
300,Pangody,RU,2021-05-22 17:07:29,65.85,74.4859,67.32,50,55,10.27
301,Saint-Augustin,CA,2021-05-22 17:07:29,51.226,-58.6502,40.84,93,100,13.87
302,Meridian,US,2021-05-22 17:03:24,43.6121,-116.3915,52.14,87,90,1.01
303,Verkhnyaya Inta,RU,2021-05-22 17:07:30,65.9811,60.3094,63.81,52,92,16.69
304,Bardiyah,LY,2021-05-22 17:07:30,31.7561,25.0865,68.68,59,0,10.56
305,Ormara,PK,2021-05-22 17:07:30,25.2088,64.6357,84.7,77,0,14.41
306,Paralimni,CY,2021-05-22 17:07:30,35.0375,33.9833,76.08,82,2,4.0
307,Imeni Babushkina,RU,2021-05-22 17:07:31,59.7573,43.1285,55.8,58,6,7.29
308,Airai,TL,2021-05-22 17:07:31,-8.9266,125.4092,57.07,82,86,1.5
309,Grande Prairie,CA,2021-05-22 17:07:31,55.1667,-118.8027,59.2,38,81,5.86
310,Muros,ES,2021-05-22 17:07:31,42.7762,-9.0603,64.99,63,50,9.31
311,Darnah,LY,2021-05-22 17:07:31,32.767,22.6367,66.18,70,1,11.36
312,Sinaloa,MX,2021-05-22 17:07:32,25.0,-107.5,85.1,59,17,5.01
313,Provideniya,RU,2021-05-22 17:07:32,64.3833,-173.3,34.32,87,31,2.28
314,Atar,MR,2021-05-22 17:07:32,20.5169,-13.0499,104.65,11,27,14.47
315,Fatsa,TR,2021-05-22 17:07:33,41.0278,37.5014,60.6,95,100,4.16
316,Luebo,CD,2021-05-22 17:07:33,-5.35,21.4167,77.49,57,78,1.54
317,Matay,EG,2021-05-22 17:07:33,28.419,30.7792,81.66,24,0,20.94
318,Ambon,ID,2021-05-22 17:07:33,-3.6954,128.1814,77.14,86,40,9.6
319,Narsaq,GL,2021-05-22 17:03:10,60.9167,-46.05,46.62,62,36,6.71
320,Borogontsy,RU,2021-05-22 17:07:33,62.6683,131.1683,33.66,62,5,6.11
321,Afyonkarahisar,TR,2021-05-22 17:07:34,38.75,30.6667,51.8,63,63,9.37
322,Pala,TD,2021-05-22 17:07:34,9.3642,14.9046,89.2,40,87,1.99
323,Omaruru,NA,2021-05-22 17:07:34,-21.4333,15.9333,68.97,30,0,9.01
324,Huallanca,PE,2021-05-22 17:07:35,-9.8993,-76.9417,57.83,49,8,7.54
325,Marsa Matruh,EG,2021-05-22 17:07:35,31.3525,27.2453,68.7,62,0,15.23
326,Quesnel,CA,2021-05-22 17:03:28,52.9999,-122.5029,62.1,33,44,3.76
327,Pampierstad,ZA,2021-05-22 17:07:35,-27.7832,24.6877,51.85,27,0,5.99
328,Vila,PT,2021-05-22 17:07:35,42.0304,-8.1588,54.73,51,96,7.83
329,Khani,GE,2021-05-22 17:07:36,41.9563,42.9566,53.17,99,100,2.48
330,Kavaratti,IN,2021-05-22 17:07:36,10.5669,72.642,83.08,73,46,6.31
331,Naryan-Mar,RU,2021-05-22 17:07:36,67.6713,53.087,54.88,57,94,16.17
332,Salitral,PE,2021-05-22 17:07:36,-4.8572,-80.6811,81.34,50,13,8.19
333,Isangel,VU,2021-05-22 17:07:37,-19.55,169.2667,71.37,79,60,9.04
334,Dali,CN,2021-05-22 17:07:37,25.7,100.1833,62.98,84,9,5.7
335,Varena,LT,2021-05-22 17:07:37,54.2167,24.5667,54.25,98,100,4.9
336,Okitipupa,NG,2021-05-22 17:07:37,6.5047,4.7839,79.38,83,100,5.01
337,Shache,CN,2021-05-22 17:07:38,38.4167,77.2406,71.56,25,100,8.19
338,Karoi,ZW,2021-05-22 17:07:38,-16.8099,29.6925,60.67,58,0,4.74
339,Waverly,US,2021-05-22 17:07:38,42.7392,-84.6208,82.89,51,40,6.91
340,Rovaniemi,FI,2021-05-22 17:07:38,66.5,25.7167,38.61,75,90,13.8
341,Xichang,CN,2021-05-22 17:07:39,27.8964,102.2634,72.19,73,95,5.46
342,Qui Nhon,VN,2021-05-22 17:07:39,13.7667,109.2333,79.95,86,91,5.91
343,Chegutu,ZW,2021-05-22 17:07:39,-18.1302,30.1407,65.66,33,0,11.56
344,Mananara,MG,2021-05-22 17:07:17,-16.1667,49.7667,69.87,92,37,6.62
345,Cabedelo,BR,2021-05-22 17:07:39,-6.9811,-34.8339,84.87,67,51,14.32
346,Victor Harbor,AU,2021-05-22 17:07:40,-35.5667,138.6167,64.9,48,90,8.05
347,Jerome,US,2021-05-22 17:07:40,42.7241,-114.5186,57.83,46,20,12.66
348,Thinadhoo,MV,2021-05-22 17:07:40,0.5333,72.9333,84.88,70,9,12.39
349,Nelson Bay,AU,2021-05-22 17:07:40,-32.7167,152.15,54.68,89,15,8.66
350,Merauke,ID,2021-05-22 17:07:41,-8.4667,140.3333,77.63,88,100,15.03
351,Reisterstown,US,2021-05-22 17:07:41,39.4696,-76.8294,87.24,44,100,3.0
352,Bereda,ES,2021-05-22 17:07:41,43.2686,-7.5406,64.42,44,79,6.87
353,Broken Hill,AU,2021-05-22 17:07:41,-31.95,141.4333,54.25,52,1,6.89
354,Margate,GB,2021-05-22 17:07:41,51.3813,1.3862,56.03,66,100,1.99
355,Kirakira,SB,2021-05-22 17:07:42,-10.4544,161.9205,79.18,87,81,8.3
356,Vertou,FR,2021-05-22 17:07:42,47.1687,-1.4693,60.06,57,75,17.0
357,Yaan,NG,2021-05-22 17:07:42,7.3833,8.5667,85.32,61,95,10.38
358,Valkeala,FI,2021-05-22 17:07:42,60.9401,26.7979,57.31,76,75,2.3
359,Rudsar,IR,2021-05-22 17:07:14,37.1376,50.288,75.72,68,55,3.24
360,Kyra,RU,2021-05-22 17:07:43,49.5776,111.9753,36.54,89,100,14.05
361,Saint Anthony,US,2021-05-22 17:07:43,45.0205,-93.218,80.65,71,20,3.0
362,Bengkulu,ID,2021-05-22 17:07:43,-3.8004,102.2655,76.68,84,100,3.51
363,Pemangkat,ID,2021-05-22 17:07:43,1.1667,108.9667,81.66,79,100,7.45
364,Pafos,CY,2021-05-22 17:06:20,34.7667,32.4167,69.71,68,20,16.11
365,Pokhara,NP,2021-05-22 17:07:44,28.2333,83.9833,73.69,61,16,5.39
366,Kilakarai,IN,2021-05-22 17:07:44,9.2333,78.7833,85.6,68,100,16.49
367,Grand-Santi,GF,2021-05-22 17:07:44,4.25,-54.3833,82.35,85,80,4.52
368,Del Rio,US,2021-05-22 17:07:44,29.3627,-100.8968,87.91,48,40,10.36
369,Olafsvik,IS,2021-05-22 17:07:45,64.8945,-23.7142,43.0,59,17,11.25
370,Raudeberg,NO,2021-05-22 17:07:45,61.9875,5.1352,54.27,84,16,4.34
371,Cabildo,AR,2021-05-22 17:07:45,-38.4842,-61.8954,51.24,88,100,8.88
372,Yumen,CN,2021-05-22 17:07:45,40.2833,97.2,50.45,23,0,8.59
373,Esna,EG,2021-05-22 17:07:46,25.2934,32.554,88.86,15,0,17.34
374,Grindavik,IS,2021-05-22 17:07:46,63.8424,-22.4338,46.56,66,75,17.31
375,Sampit,ID,2021-05-22 17:07:46,-2.5333,112.95,74.64,93,88,1.92
376,Ler,SS,2021-05-22 17:07:46,8.3018,30.1418,90.54,38,86,5.19
377,Adrar,MR,2021-05-22 17:07:47,20.5022,-10.0711,106.83,9,5,4.92
378,Aloleng,PH,2021-05-22 17:07:47,16.1307,119.7824,82.09,81,71,6.51
379,Berdigestyakh,RU,2021-05-22 17:07:47,62.0989,126.6992,33.49,75,5,3.44
380,Khandyga,RU,2021-05-22 17:07:47,62.6667,135.6,34.16,88,26,0.76
381,San Cristobal,VE,2021-05-22 17:07:47,7.7669,-72.225,82.58,77,98,6.91
382,Maceio,BR,2021-05-22 17:07:48,-9.6658,-35.7353,83.64,60,75,9.6
383,Polyanka,UA,2021-05-22 17:07:48,50.2584,27.6881,60.57,72,98,10.67
384,Saint-Joseph,RE,2021-05-22 17:07:48,-21.3667,55.6167,73.78,67,77,12.62
385,Pontes E Lacerda,BR,2021-05-22 17:07:48,-15.2261,-59.3353,92.41,41,100,7.47
386,Dandong,CN,2021-05-22 17:07:49,40.1292,124.3947,56.17,88,19,4.88
387,San Jose,US,2021-05-22 17:06:19,37.3394,-121.895,68.58,55,20,1.01
388,Khorixas,NA,2021-05-22 17:07:49,-20.3667,14.9667,76.55,23,0,8.84
389,Vernon,CA,2021-05-22 17:07:49,50.2581,-119.2691,64.62,31,1,1.01
390,Cibitoke,BI,2021-05-22 17:07:49,-2.8833,29.25,63.37,89,56,4.05
391,Dangtu,CN,2021-05-22 17:07:50,31.5723,118.4928,66.36,77,83,9.84
392,Tungi,BD,2021-05-22 17:07:50,23.89,90.4058,91.4,58,36,6.91
393,Karratha,AU,2021-05-22 17:07:50,-20.7377,116.8463,72.5,50,0,7.54
394,Mocuba,MZ,2021-05-22 17:07:51,-16.8392,36.9856,71.98,62,91,5.46
395,Inverell,AU,2021-05-22 17:05:49,-29.7833,151.1167,46.17,81,1,1.99
396,Samarai,PG,2021-05-22 17:07:51,-10.6167,150.6667,79.03,77,100,18.32
397,Gravelbourg,CA,2021-05-22 17:07:51,49.8834,-106.5512,39.07,78,100,3.85
398,Lavrentiya,RU,2021-05-22 17:07:51,65.5833,-171.0,26.74,87,16,4.74
399,Petropavlovsk-Kamchatskiy,RU,2021-05-22 17:07:52,53.0452,158.6483,40.62,70,52,7.52
400,El Dorado,US,2021-05-22 17:07:52,38.7666,-120.5177,58.68,57,100,3.0
401,Batagay,RU,2021-05-22 17:07:52,67.6333,134.6333,29.66,73,13,4.56
402,Alice Springs,AU,2021-05-22 17:07:52,-23.7,133.8833,47.75,46,51,6.53
403,Port-Gentil,GA,2021-05-22 17:07:53,-0.7193,8.7815,77.52,88,100,11.95
404,Somerset West,ZA,2021-05-22 17:07:53,-34.084,18.8211,55.08,72,71,3.0
405,Port Lincoln,AU,2021-05-22 17:07:53,-34.7333,135.8667,61.74,37,99,8.34
406,Havelock,US,2021-05-22 17:07:53,34.8791,-76.9013,83.98,41,80,1.01
407,Orange Cove,US,2021-05-22 17:07:53,36.6244,-119.3137,68.61,23,87,3.76
408,Alamos,MX,2021-05-22 17:07:54,27.0167,-108.9333,83.71,38,57,6.73
409,Domoni,KM,2021-05-22 17:07:54,-12.2569,44.5319,78.53,71,75,12.82
410,Sao Filipe,CV,2021-05-22 17:07:54,14.8961,-24.4956,73.4,78,5,8.77
411,Paita,PE,2021-05-22 17:07:54,-5.0892,-81.1144,77.56,69,3,13.6
412,Popondetta,PG,2021-05-22 17:07:55,-8.7537,148.2534,73.71,98,100,2.3
413,Lagos,NG,2021-05-22 17:06:08,6.5833,3.75,82.62,77,100,8.61
414,Zhigansk,RU,2021-05-22 17:07:55,66.7697,123.3711,33.35,63,65,5.08
415,Wagar,SD,2021-05-22 17:07:55,16.1525,36.2032,102.99,8,2,7.58
416,Bilibino,RU,2021-05-22 17:07:55,68.0546,166.4372,27.48,96,99,3.42
417,Tabuk,PH,2021-05-22 17:07:56,17.4189,121.4443,75.47,90,24,3.0
418,Roald,NO,2021-05-22 17:07:56,62.5833,6.1333,64.45,67,20,11.5
419,Fare,PF,2021-05-22 17:07:56,-16.7,-151.0167,80.89,75,8,14.45
420,Necochea,AR,2021-05-22 17:03:52,-38.5473,-58.7368,56.03,82,100,22.82
421,Saint-Francois,FR,2021-05-22 17:07:56,46.4154,3.9054,54.68,76,0,6.91
422,Aitape,PG,2021-05-22 17:07:57,-3.1374,142.3475,78.84,88,100,3.85
423,Ulladulla,AU,2021-05-22 17:07:57,-35.35,150.4667,50.09,90,3,4.41
424,Borovskoy,KZ,2021-05-22 17:07:57,53.8,64.15,74.03,41,57,2.71
425,Casper,US,2021-05-22 17:07:57,42.8666,-106.3131,46.72,76,90,7.0
426,Erdenet,MN,2021-05-22 17:07:57,49.0333,104.0833,28.9,76,51,3.89
427,Maku,IR,2021-05-22 17:07:58,39.2911,44.4521,63.37,64,86,3.51
428,Kutum,SD,2021-05-22 17:07:58,14.2,24.6667,86.56,10,1,11.63
429,North Platte,US,2021-05-22 17:07:16,41.1239,-100.7654,71.49,81,90,1.01
430,Ilulissat,GL,2021-05-22 17:07:58,69.2167,-51.1,28.42,74,75,6.91
431,Brae,GB,2021-05-22 17:07:58,60.3964,-1.353,48.11,74,100,14.29
432,Lima,PE,2021-05-22 17:07:59,-12.0432,-77.0282,65.14,77,90,10.36
433,Burnie,AU,2021-05-22 17:08:00,-41.0667,145.9167,49.95,87,93,4.18
434,Suba,PH,2021-05-22 17:08:00,10.8438,121.0102,83.79,71,48,2.68
435,Itarema,BR,2021-05-22 17:08:00,-2.9248,-39.9167,85.46,62,92,13.58
436,Pundaguitan,PH,2021-05-22 17:08:00,6.3711,126.1689,82.02,75,73,2.75
437,Bijela,BA,2021-05-22 17:08:00,43.6086,17.9519,68.65,64,99,6.35
438,Namibe,AO,2021-05-22 17:08:01,-15.1961,12.1522,74.43,72,0,7.31
439,Kantunilkin,MX,2021-05-22 17:08:01,21.0917,-87.45,79.95,96,100,5.82
440,Bambanglipuro,ID,2021-05-22 17:08:01,-7.95,110.2833,76.8,89,99,3.78
441,Nemuro,JP,2021-05-22 17:08:02,43.3236,145.575,41.77,98,100,18.12
442,Toppenish,US,2021-05-22 17:08:02,46.3774,-120.3087,68.02,38,93,3.4
443,Sorland,NO,2021-05-22 17:08:02,67.667,12.6934,43.79,75,100,16.24
444,Tiksi,RU,2021-05-22 17:08:02,71.6872,128.8694,16.95,93,73,5.57
445,Abu Dhabi,AE,2021-05-22 17:06:39,24.4667,54.3667,93.31,69,0,8.41
446,Shimoda,JP,2021-05-22 17:08:02,34.6667,138.95,67.1,85,71,15.19
447,Tashtagol,RU,2021-05-22 17:08:03,52.7657,87.8894,43.34,99,100,3.38
448,Bonnyville,CA,2021-05-22 17:08:03,54.2668,-110.735,51.87,39,3,7.02
449,Nenjiang,CN,2021-05-22 17:08:03,49.1833,125.2167,59.85,77,99,9.33
450,San Juan Pueblo,HN,2021-05-22 17:08:04,15.5833,-87.2333,84.96,70,85,5.77
451,Harstad,NO,2021-05-22 17:08:04,68.799,16.5293,42.58,100,100,10.0
452,Hervey Bay,AU,2021-05-22 17:08:04,-25.2986,152.8535,64.04,92,27,1.01
453,Birin,NP,2021-05-22 17:08:04,26.8865,88.0718,66.52,73,48,3.36
454,Farafangana,MG,2021-05-22 17:08:05,-22.8167,47.8333,71.02,75,86,6.98
455,Srandakan,ID,2021-05-22 17:08:05,-7.9386,110.2506,77.0,89,100,3.85
456,Tamandare,BR,2021-05-22 17:08:05,-8.7597,-35.1047,82.47,58,88,8.68
457,Lorengau,PG,2021-05-22 17:08:05,-2.0226,147.2712,80.89,81,96,5.26
458,Coihaique,CL,2021-05-22 17:08:06,-45.5752,-72.0662,52.41,71,75,0.0
459,Tautira,PF,2021-05-22 17:08:06,-17.7333,-149.15,75.22,76,71,15.39
460,Manggar,ID,2021-05-22 17:08:06,-2.8833,108.2667,80.2,79,100,2.68
461,Solton,RU,2021-05-22 17:08:06,52.8429,86.4787,45.55,97,100,6.78
462,Bonanza,NI,2021-05-22 17:08:07,14.0289,-84.591,89.37,48,80,7.14
463,Maneadero,MX,2021-05-22 17:07:41,31.7167,-116.5667,66.18,64,26,1.99
464,Valleyview,CA,2021-05-22 17:04:30,55.0667,-117.2859,56.07,50,43,13.02
465,Fakel,RU,2021-05-22 17:08:07,57.6325,53.0252,56.77,97,99,5.86
466,Mandalgovi,MN,2021-05-22 17:08:07,45.7625,106.2708,33.51,68,43,15.43
467,Varhaug,NO,2021-05-22 17:08:08,58.6147,5.6457,51.48,89,97,1.59
468,Makueni,KE,2021-05-22 17:08:08,-1.8041,37.6203,65.86,77,50,2.46
469,Navrongo,GH,2021-05-22 17:08:08,10.8956,-1.0921,102.99,23,57,4.99
470,High Level,CA,2021-05-22 17:08:08,58.5169,-117.136,60.13,37,100,9.28
471,Teguise,ES,2021-05-22 17:08:08,29.0605,-13.564,71.82,82,20,29.24
472,Jiangyou,CN,2021-05-22 17:08:09,31.7667,104.7167,65.86,86,100,2.93
473,Camacha,PT,2021-05-22 17:08:09,33.0833,-16.3333,65.62,68,40,17.27
474,Santa Cruz,BO,2021-05-22 17:07:02,-17.8,-63.1667,67.46,62,90,8.57
475,Kitimat,CA,2021-05-22 17:08:09,54.0524,-128.6534,50.92,84,100,1.1
476,Benjamin Hill,MX,2021-05-22 17:08:09,30.1667,-111.1,80.17,29,0,18.59
477,Ampanihy,MG,2021-05-22 17:08:10,-24.7,44.75,66.25,68,84,8.08
478,Rexburg,US,2021-05-22 17:04:14,43.826,-111.7897,56.46,54,75,3.44
479,Rapid Valley,US,2021-05-22 17:08:10,44.0625,-103.1463,53.2,77,90,5.01
480,Valparaiso,CL,2021-05-22 17:08:10,-33.0393,-71.6273,68.23,39,0,13.8
481,Vanderhoof,CA,2021-05-22 17:08:10,54.0166,-124.0198,61.34,41,95,5.53
482,Yamada,JP,2021-05-22 17:08:10,39.4667,141.95,53.11,98,100,3.42
483,Wanning,CN,2021-05-22 17:08:11,18.8003,110.3967,81.34,92,71,7.16
484,Halifax,CA,2021-05-22 17:07:54,44.6453,-63.5724,58.89,80,100,4.0
485,Severo-Kurilsk,RU,2021-05-22 17:08:11,50.6789,156.125,40.03,75,28,7.65
486,Roma,US,2021-05-22 17:08:11,43.2128,-75.4557,82.4,59,1,8.05
487,Leningradskiy,RU,2021-05-22 17:08:12,69.3833,178.4167,30.29,97,100,10.29
488,Parnamirim,BR,2021-05-22 17:08:12,-5.9156,-35.2628,86.34,52,17,13.02
489,Marrakesh,MA,2021-05-22 17:08:12,31.6315,-8.0083,89.67,31,75,9.22
490,Mastung,PK,2021-05-22 17:08:12,29.7994,66.845,72.28,11,0,4.85
491,Fort Nelson,CA,2021-05-22 17:08:12,58.8053,-122.7002,62.64,36,73,4.07
492,Krasnogorsk,RU,2021-05-22 17:08:13,55.8225,37.3181,66.45,60,0,8.86
493,The Valley,AI,2021-05-22 17:08:13,18.217,-63.0578,87.66,70,20,16.11
494,Makat,KZ,2021-05-22 17:08:13,47.6469,53.3463,89.13,15,7,16.89
495,San Ignacio,BZ,2021-05-22 17:08:14,17.1561,-89.0714,91.63,48,86,7.09
496,Katangli,RU,2021-05-22 17:08:14,51.7102,143.2326,34.3,98,87,5.19
497,Fortaleza,BR,2021-05-22 17:07:36,-3.7227,-38.5247,86.13,62,20,19.57
498,Portland,US,2021-05-22 16:59:03,45.5234,-122.6762,57.42,81,83,1.99
499,Port Blair,IN,2021-05-22 17:03:22,11.6667,92.75,81.28,81,100,14.81
500,Stockelsdorf,DE,2021-05-22 17:08:14,53.8905,10.6258,56.32,92,40,16.84
501,Puerto Escondido,MX,2021-05-22 17:08:14,15.85,-97.0667,90.43,70,1,6.91
502,Copiapo,CL,2021-05-22 17:08:15,-27.3667,-70.3333,65.89,15,3,5.21
503,Kamenka,RU,2021-05-22 17:08:15,51.3223,42.7678,61.84,79,100,12.84
504,Faya,SA,2021-05-22 17:08:15,18.3851,42.4509,70.32,52,3,7.4
505,Awbari,LY,2021-05-22 17:08:15,26.5921,12.7805,100.76,6,0,11.25
506,Pavilosta,LV,2021-05-22 17:08:16,56.8879,21.1859,57.15,75,56,5.28
507,Kidal,ML,2021-05-22 17:08:16,18.4411,1.4078,104.34,14,46,2.26
508,Jaque,PA,2021-05-22 17:08:16,7.5175,-78.1703,82.87,81,100,6.73
509,Ayr,GB,2021-05-22 17:04:04,55.4627,-4.6339,55.92,54,20,16.11
510,Katsuura,JP,2021-05-22 17:08:16,35.1333,140.3,65.19,88,95,14.18
511,San Francisco,US,2021-05-22 17:07:38,37.7749,-122.4194,69.67,72,40,1.99
512,Takoradi,GH,2021-05-22 17:07:14,4.8845,-1.7554,82.96,74,85,10.69
513,Labuhan,ID,2021-05-22 17:08:17,-6.8844,112.2051,78.35,85,23,3.96
514,Simao,CN,2021-05-22 17:08:17,22.7886,100.9748,70.09,70,19,3.04
515,Tazovskiy,RU,2021-05-22 17:08:17,67.4667,78.7,37.62,94,44,14.34
516,Seoul,KR,2021-05-22 16:59:54,37.5683,126.9778,58.44,68,1,2.59
517,Paamiut,GL,2021-05-22 17:08:18,61.994,-49.6678,32.4,60,100,12.5
518,Geraldton,AU,2021-05-22 17:08:18,-28.7667,114.6,64.81,71,90,13.94
519,Stonewall,CA,2021-05-22 17:08:12,50.1344,-97.3268,42.03,88,100,11.97
520,Mionica,BA,2021-05-22 17:08:18,44.8672,18.4631,66.88,69,100,2.24
521,Tessalit,ML,2021-05-22 17:08:18,20.1986,1.0114,104.97,11,43,7.27
522,Russell,US,2021-05-22 17:08:19,32.3502,-85.1999,83.91,39,75,9.4
523,Talnakh,RU,2021-05-22 17:08:19,69.4865,88.3972,34.77,97,100,8.63
524,Anito,PH,2021-05-22 17:08:19,12.4497,125.2886,77.04,90,10,0.96
525,Daru,PG,2021-05-22 17:08:19,-9.0763,143.2092,77.72,87,92,17.72
526,Trinidad,BO,2021-05-22 17:06:41,-14.8333,-64.9,86.54,62,94,7.02
527,Yima,CN,2021-05-22 17:05:08,34.7381,111.8839,61.18,74,100,19.13
528,Whitehorse,CA,2021-05-22 17:08:20,60.7161,-135.0538,49.01,55,42,13.0
529,Jadu,LY,2021-05-22 17:08:20,31.953,12.0261,91.92,15,0,9.08
530,Xian,CN,2021-05-22 17:08:20,34.2583,108.9286,53.64,92,100,14.79
531,Terrace,CA,2021-05-22 17:08:20,54.5163,-128.6035,50.43,92,100,0.6
532,Kulhudhuffushi,MV,2021-05-22 17:08:21,6.6221,73.07,83.41,79,99,19.93
533,Ust-Nera,RU,2021-05-22 17:08:21,64.5667,143.2,37.81,94,100,2.86
534,Tacoma,US,2021-05-22 17:05:50,47.2529,-122.4443,53.55,66,90,4.03
535,Yerbogachen,RU,2021-05-22 17:08:21,61.2767,108.0108,39.7,64,52,1.79
536,Dawei,MM,2021-05-22 17:08:21,14.0833,98.2,77.47,92,94,6.58
537,Gat,IL,2021-05-22 17:08:22,31.61,34.7642,71.82,70,2,8.5
538,Baoning,CN,2021-05-22 17:08:22,25.3378,110.026,77.41,95,99,1.72
539,Yuanping,CN,2021-05-22 17:08:22,38.7153,112.7575,55.85,58,100,11.3
540,Camargo,MX,2021-05-22 17:08:23,27.6667,-105.1667,88.99,18,46,15.66
541,Ginir,ET,2021-05-22 17:08:23,7.1333,40.7,60.31,87,76,4.59
542,Gold Coast,AU,2021-05-22 17:08:23,-28.0,153.4333,62.67,84,75,4.0
543,Kudahuvadhoo,MV,2021-05-22 17:08:23,2.6708,72.8944,83.93,75,19,13.96
